Workbook

Sheet Instrucciones
A1: Hoja compartida: búsqueda voraz entre 20 municipios de Colombia
A2: Aquí todo el equipo sube los datos que necesita el programa. Cada quien llena solo lo suyo.
A4: Cómo leer los colores
A5: Celdas AMARILLAS: las llenas tú (responsable, latitud, longitud, fuente, conexiones).
A6: Celdas GRISES: se calculan solas, no las edites.
A8: Pasos
A9: 1. En la hoja 'Municipios', escribe tu nombre en la columna 'Responsable' de los 5 municipios que escojas. El primero que llegue escoge, y no se pueden repetir.
A10: 2. Para cada uno de tus 5, escribe la latitud y la longitud en grados decimales, con COMA (no punto), y la fuente de donde la sacaste. En Colombia la latitud es positiva (norte) y la longitud es negativa (oeste). La hoja rechaza valores fuera de Colombia.
A11: 3. En la hoja 'Conexiones', registra para cada uno de tus 5 municipios entre 2 y 4 vecinos directos por carretera principal. Elige los dos municipios de la lista desplegable y escribe los km por carretera (Google Maps sirve).
A12: 4. Cada conexión se anota UNA sola vez, en cualquiera de los dos sentidos. Antes de agregarla, mira si ya existe. La columna 'Verificación' avisa si está DUPLICADA.
A13: 5. Revisa la hoja 'Resumen': al final los 20 municipios deben estar en 'OK', sin municipios sin conexiones ni conexiones con problemas.
A15: Importante
... A22: Hoja Conexiones: Medellín | Manizales | 190 | Anotado por: Ana | Nota: Google Maps, ruta por La Pintada

Sheet Municipios
A1: # | B1: Municipio | C1: Departamento | D1: Zona | E1: Responsable | F1: Latitud | G1: Longitud | H1: Fuente de las coordenadas | I1: N.º de conexiones | J1: Estado
A2: 1 | B2: Barranquilla | C2: Atlántico | D2: Caribe | E2: Johan | F2: 10.96854 | G2: -74.78132 | H2: geodatos.net (https://www.geodatos.net/coordenadas/colombia/barranquilla#google_vignette) | I2: =COUNTIF(Conexiones!$A$2:$A$60,B2)+COUNTIF(Conexiones!$B$2:$B$60,B2) -> 2 | J2: =IF(E2="","Sin responsable",IF(OR(F2="",G2=""),"Faltan coordenadas",IF(I2=0,"Sin conexiones","OK"))) -> OK
A3: 2 | B3: Cartagena | C3: Bolívar | D3: Caribe | E3: Dani | F3: 10.39817 | G3: -75.49328 | H3: geodatos.net (https://www.geodatos.net/coordenadas/colombia/cartagena-de-indias) | I3: =COUNTIF(Conexiones!$A$2:$A$60,B3)+COUNTIF(Conexiones!$B$2:$B$60,B3) -> 2 | J3: =IF(E3="","Sin responsable",IF(OR(F3="",G3=""),"Faltan coordenadas",IF(I3=0,"Sin conexiones","OK"))) -> OK
A4: 3 | B4: Santa Marta | C4: Magdalena | D4: Caribe | E4: Juliana | F4: 11.2472 | G4: -74.2017 | H4: Alcaldía Distrital de Santa Marta (santamarta.gov.co/geografia) | I4: =COUNTIF(Conexiones!$A$2:$A$60,B4)+COUNTIF(Conexiones!$B$2:$B$60,B4) -> 2 | J4: =IF(E4="","Sin responsable",IF(OR(F4="",G4=""),"Faltan coordenadas",IF(I4=0,"Sin conexiones","OK"))) -> OK
A5: 4 | B5: Valledupar | C5: Cesar | D5: Caribe | E5: Dani | F5: 10.46538 | G5: -73.2531 | H5: geodatos .net (https://www.geodatos.net/coordenadas/colombia/valledupar) | I5: =COUNTIF(Conexiones!$A$2:$A$60,B5)+COUNTIF(Conexiones!$B$2:$B$60,B5) -> 2 | J5: =IF(E5="","Sin responsable",IF(OR(F5="",G5=""),"Faltan coordenadas",IF(I5=0,"Sin conexiones","OK"))) -> OK
A6: 5 | B6: Montería | C6: Córdoba | D6: Caribe | E6: Dani | F6: 8.75081 | G6: -75.87823 | H6: geodatos .net (https://www.geodatos.net/coordenadas/colombia/monteria) | I6: =COUNTIF(Conexiones!$A$2:$A$60,B6)+COUNTIF(Conexiones!$B$2:$B$60,B6) -> 2 | J6: =IF(E6="","Sin responsable",IF(OR(F6="",G6=""),"Faltan coordenadas",IF(I6=0,"Sin conexiones","OK"))) -> OK
A7: 6 | B7: Medellín | C7: Antioquia | D7: Occidente y Eje Cafetero | E7: Mariana | F7: 6.24475 | G7: -75.5748 | H7: Municipio.com (https://www.municipio.com.co/municipio-medellin.html) | I7: =COUNTIF(Conexiones!$A$2:$A$60,B7)+COUNTIF(Conexiones!$B$2:$B$60,B7) -> 4 | J7: =IF(E7="","Sin responsable",IF(OR(F7="",G7=""),"Faltan coordenadas",IF(I7=0,"Sin conexiones","OK"))) -> OK
A8: 7 | B8: Manizales | C8: Caldas | D8: Occidente y Eje Cafetero | E8: Dani | F8: 5.0668 | G8: -75.50684 | H8: geodatos.net (https://www.geodatos.net/coordenadas/colombia/manizales#google_vignette) | I8: =COUNTIF(Conexiones!$A$2:$A$60,B8)+COUNTIF(Conexiones!$B$2:$B$60,B8) -> 3 | J8: =IF(E8="","Sin responsable",IF(OR(F8="",G8=""),"Faltan coordenadas",IF(I8=0,"Sin conexiones","OK"))) -> OK
A9: 8 | B9: Pereira | C9: Risaralda | D9: Occidente y Eje Cafetero | E9: Mariana | F9: 4.81428 | G9: -75.69488 | H9: geodatos.net (https://www.geodatos.net/coordenadas/colombia/pereira) | I9: =COUNTIF(Conexiones!$A$2:$A$60,B9)+COUNTIF(Conexiones!$B$2:$B$60,B9) -> 4 | J9: =IF(E9="","Sin responsable",IF(OR(F9="",G9=""),"Faltan coordenadas",IF(I9=0,"Sin conexiones","OK"))) -> OK
A10: 9 | B10: Armenia | C10: Quindío | D10: Occidente y Eje Cafetero | E10: Juliana | F10: 4.5333 | G10: -75.6833 | H10: Alcaldía de Armenia (armenia.gov.co) | I10: =COUNTIF(Conexiones!$A$2:$A$60,B10)+COUNTIF(Conexiones!$B$2:$B$60,B10) -> 3 | J10: =IF(E10="","Sin responsable",IF(OR(F10="",G10=""),"Faltan coordenadas",IF(I10=0,"Sin conexiones","OK"))) -> OK
A11: 10 | B11: Cali | C11: Valle del Cauca | D11: Occidente y Eje Cafetero | E11: Mariana | F11: 3.43054 | G11: -76.5199 | H11: geodatos.net (https://www.geodatos.net/coordenadas/colombia/cali) | I11: =COUNTIF(Conexiones!$A$2:$A$60,B11)+COUNTIF(Conexiones!$B$2:$B$60,B11) -> 3 | J11: =IF(E11="","Sin responsable",IF(OR(F11="",G11=""),"Faltan coordenadas",IF(I11=0,"Sin conexiones","OK"))) -> OK
A12: 11 | B12: Soacha | C12: Cundinamarca | D12: Centro y Nororiente | E12: Johan | F12: 4.57937 | G12: -74.21682 | H12: geodatos.net (https://www.geodatos.net/coordenadas/colombia/soacha#google_vignette) | I12: =COUNTIF(Conexiones!$A$2:$A$60,B12)+COUNTIF(Conexiones!$B$2:$B$60,B12) -> 3 | J12: =IF(E12="","Sin responsable",IF(OR(F12="",G12=""),"Faltan coordenadas",IF(I12=0,"Sin conexiones","OK"))) -> OK
A13: 12 | B13: Tunja | C13: Boyacá | D13: Centro y Nororiente | E13: Dani | F13: 5.54481 | G13: -73.35756 | H13: geodatos.net (https://www.geodatos.net/coordenadas/colombia/tunja) | I13: =COUNTIF(Conexiones!$A$2:$A$60,B13)+COUNTIF(Conexiones!$B$2:$B$60,B13) -> 2 | J13: =IF(E13="","Sin responsable",IF(OR(F13="",G13=""),"Faltan coordenadas",IF(I13=0,"Sin conexiones","OK"))) -> OK
... A21: 20 | B21: Pasto | C21: Nariño | D21: Sur y Llanos | E21: Juliana | F21: 1.2146 | G21: -77.27181 | H21: Alcaldia de Pasto (https://www.pasto.gov.co/index.php/nuestro-municipio/informacion-general) | I21: =COUNTIF(Conexiones!$A$2:$A$60,B21)+COUNTIF(Conexiones!$B$2:$B$60,B21) -> 1 | J21: =IF(E21="","Sin responsable",IF(OR(F21="",G21=""),"Faltan coordenadas",IF(I21=0,"Sin conexiones","OK"))) -> OK

Sheet Conexiones
A1: Municipio 1 | B1: Municipio 2 | C1: Km por carretera | D1: Anotado por | E1: Fuente o nota | F1: Verificación
A2: Santa Marta | B2: Barranquilla | C2: 106 | D2: Juliana | E2: Google Maps | F2: =IF(AND(A2="",B2=""),"",IF(OR(A2="",B2=""),"Falta un municipio",IF(A2=B2,"Mismo municipio",IF(COUNTIFS($A$2:$A$60,A2,$B$2:$B$60,B2)+COUNTIFS($A$2:$A$60,B2,$B$2:$B$60,A2)>1,"DUPLICADA",IF(C2="","Falta km","OK"))))) -> OK
A3: Santa Marta | B3: Valledupar | C3: 260 | D3: Juliana | E3: Google Maps | F3: =IF(AND(A3="",B3=""),"",IF(OR(A3="",B3=""),"Falta un municipio",IF(A3=B3,"Mismo municipio",IF(COUNTIFS($A$2:$A$60,A3,$B$2:$B$60,B3)+COUNTIFS($A$2:$A$60,B3,$B$2:$B$60,A3)>1,"DUPLICADA",IF(C3="","Falta km","OK"))))) -> OK
A4: Armenia | B4: Pereira | C4: 45.5 | D4: Juliana | E4: Google Maps | F4: =IF(AND(A4="",B4=""),"",IF(OR(A4="",B4=""),"Falta un municipio",IF(A4=B4,"Mismo municipio",IF(COUNTIFS($A$2:$A$60,A4,$B$2:$B$60,B4)+COUNTIFS($A$2:$A$60,B4,$B$2:$B$60,A4)>1,"DUPLICADA",IF(C4="","Falta km","OK"))))) -> OK
A5: Armenia | B5: Cali | C5: 179 | D5: Juliana | E5: Google Maps | F5: =IF(AND(A5="",B5=""),"",IF(OR(A5="",B5=""),"Falta un municipio",IF(A5=B5,"Mismo municipio",IF(COUNTIFS($A$2:$A$60,A5,$B$2:$B$60,B5)+COUNTIFS($A$2:$A$60,B5,$B$2:$B$60,A5)>1,"DUPLICADA",IF(C5="","Falta km","OK"))))) -> OK
A6: Armenia | B6: Ibagué | C6: 73.1 | D6: Juliana | E6: Google Maps | F6: =IF(AND(A6="",B6=""),"",IF(OR(A6="",B6=""),"Falta un municipio",IF(A6=B6,"Mismo municipio",IF(COUNTIFS($A$2:$A$60,A6,$B$2:$B$60,B6)+COUNTIFS($A$2:$A$60,B6,$B$2:$B$60,A6)>1,"DUPLICADA",IF(C6="","Falta km","OK"))))) -> OK
A7: Bucaramanga | B7: Barrancabermeja | C7: 114 | D7: Juliana | E7: Google Maps | F7: =IF(AND(A7="",B7=""),"",IF(OR(A7="",B7=""),"Falta un municipio",IF(A7=B7,"Mismo municipio",IF(COUNTIFS($A$2:$A$60,A7,$B$2:$B$60,B7)+COUNTIFS($A$2:$A$60,B7,$B$2:$B$60,A7)>1,"DUPLICADA",IF(C7="","Falta km","OK"))))) -> OK
A8: Bucaramanga | B8: Tunja | C8: 282 | D8: Juliana | E8: Google Maps | F8: =IF(AND(A8="",B8=""),"",IF(OR(A8="",B8=""),"Falta un municipio",IF(A8=B8,"Mismo municipio",IF(COUNTIFS($A$2:$A$60,A8,$B$2:$B$60,B8)+COUNTIFS($A$2:$A$60,B8,$B$2:$B$60,A8)>1,"DUPLICADA",IF(C8="","Falta km","OK"))))) -> OK
A9: Bucaramanga | B9: Cúcuta | C9: 199 | D9: Juliana | E9: Google Maps | F9: =IF(AND(A9="",B9=""),"",IF(OR(A9="",B9=""),"Falta un municipio",IF(A9=B9,"Mismo municipio",IF(COUNTIFS($A$2:$A$60,A9,$B$2:$B$60,B9)+COUNTIFS($A$2:$A$60,B9,$B$2:$B$60,A9)>1,"DUPLICADA",IF(C9="","Falta km","OK"))))) -> OK
A10: Villavicencio | B10: Soacha | C10: 114 | D10: Juliana | E10: Google Maps | F10: =IF(AND(A10="",B10=""),"",IF(OR(A10="",B10=""),"Falta un municipio",IF(A10=B10,"Mismo municipio",IF(COUNTIFS($A$2:$A$60,A10,$B$2:$B$60,B10)+COUNTIFS($A$2:$A$60,B10,$B$2:$B$60,A10)>1,"DUPLICADA",IF(C10="","Falta km","OK"))))) -> OK
A11: Pasto | B11: Popayán | C11: 249 | D11: Juliana | E11: Google Maps | F11: =IF(AND(A11="",B11=""),"",IF(OR(A11="",B11=""),"Falta un municipio",IF(A11=B11,"Mismo municipio",IF(COUNTIFS($A$2:$A$60,A11,$B$2:$B$60,B11)+COUNTIFS($A$2:$A$60,B11,$B$2:$B$60,A11)>1,"DUPLICADA",IF(C11="","Falta km","OK"))))) -> OK
A12: Medellín | B12: Manizales | C12: 221 | D12: Mariana | E12: Google Maps | F12: =IF(AND(A12="",B12=""),"",IF(OR(A12="",B12=""),"Falta un municipio",IF(A12=B12,"Mismo municipio",IF(COUNTIFS($A$2:$A$60,A12,$B$2:$B$60,B12)+COUNTIFS($A$2:$A$60,B12,$B$2:$B$60,A12)>1,"DUPLICADA",IF(C12="","Falta km","OK"))))) -> OK
A13: Medellín | B13: Pereira | C13: 238 | D13: Mariana | E13: Google Maps | F13: =IF(AND(A13="",B13=""),"",IF(OR(A13="",B13=""),"Falta un municipio",IF(A13=B13,"Mismo municipio",IF(COUNTIFS($A$2:$A$60,A13,$B$2:$B$60,B13)+COUNTIFS($A$2:$A$60,B13,$B$2:$B$60,A13)>1,"DUPLICADA",IF(C13="","Falta km","OK"))))) -> OK
... A26: Neiva | B26: Popayán | C26: 270 | D26: Johan | E26: Google Maps | F26: =IF(AND(A26="",B26=""),"",IF(OR(A26="",B26=""),"Falta un municipio",IF(A26=B26,"Mismo municipio",IF(COUNTIFS($A$2:$A$60,A26,$B$2:$B$60,B26)+COUNTIFS($A$2:$A$60,B26,$B$2:$B$60,A26)>1,"DUPLICADA",IF(C26="","Falta km","OK"))))) -> OK
F27: =IF(AND(A27="",B27=""),"",IF(OR(A27="",B27=""),"Falta un municipio",IF(A27=B27,"Mismo municipio",IF(COUNTIFS($A$2:$A$60,A27,$B$2:$B$60,B27)+COUNTIFS($A$2:$A$60,B27,$B$2:$B$60,A27)>1,"DUPLICADA",IF(C27="","Falta km","OK")))))
F28: =IF(AND(A28="",B28=""),"",IF(OR(A28="",B28=""),"Falta un municipio",IF(A28=B28,"Mismo municipio",IF(COUNTIFS($A$2:$A$60,A28,$B$2:$B$60,B28)+COUNTIFS($A$2:$A$60,B28,$B$2:$B$60,A28)>1,"DUPLICADA",IF(C28="","Falta km","OK")))))
F29: =IF(AND(A29="",B29=""),"",IF(OR(A29="",B29=""),"Falta un municipio",IF(A29=B29,"Mismo municipio",IF(COUNTIFS($A$2:$A$60,A29,$B$2:$B$60,B29)+COUNTIFS($A$2:$A$60,B29,$B$2:$B$60,A29)>1,"DUPLICADA",IF(C29="","Falta km","OK")))))
F30: =IF(AND(A30="",B30=""),"",IF(OR(A30="",B30=""),"Falta un municipio",IF(A30=B30,"Mismo municipio",IF(COUNTIFS($A$2:$A$60,A30,$B$2:$B$60,B30)+COUNTIFS($A$2:$A$60,B30,$B$2:$B$60,A30)>1,"DUPLICADA",IF(C30="","Falta km","OK")))))
F31: =IF(AND(A31="",B31=""),"",IF(OR(A31="",B31=""),"Falta un municipio",IF(A31=B31,"Mismo municipio",IF(COUNTIFS($A$2:$A$60,A31,$B$2:$B$60,B31)+COUNTIFS($A$2:$A$60,B31,$B$2:$B$60,A31)>1,"DUPLICADA",IF(C31="","Falta km","OK")))))
F32: =IF(AND(A32="",B32=""),"",IF(OR(A32="",B32=""),"Falta un municipio",IF(A32=B32,"Mismo municipio",IF(COUNTIFS($A$2:$A$60,A32,$B$2:$B$60,B32)+COUNTIFS($A$2:$A$60,B32,$B$2:$B$60,A32)>1,"DUPLICADA",IF(C32="","Falta km","OK")))))
F33: =IF(AND(A33="",B33=""),"",IF(OR(A33="",B33=""),"Falta un municipio",IF(A33=B33,"Mismo municipio",IF(COUNTIFS($A$2:$A$60,A33,$B$2:$B$60,B33)+COUNTIFS($A$2:$A$60,B33,$B$2:$B$60,A33)>1,"DUPLICADA",IF(C33="","Falta km","OK")))))
F34: =IF(AND(A34="",B34=""),"",IF(OR(A34="",B34=""),"Falta un municipio",IF(A34=B34,"Mismo municipio",IF(COUNTIFS($A$2:$A$60,A34,$B$2:$B$60,B34)+COUNTIFS($A$2:$A$60,B34,$B$2:$B$60,A34)>1,"DUPLICADA",IF(C34="","Falta km","OK")))))
F35: =IF(AND(A35="",B35=""),"",IF(OR(A35="",B35=""),"Falta un municipio",IF(A35=B35,"Mismo municipio",IF(COUNTIFS($A$2:$A$60,A35,$B$2:$B$60,B35)+COUNTIFS($A$2:$A$60,B35,$B$2:$B$60,A35)>1,"DUPLICADA",IF(C35="","Falta km","OK")))))
F36: =IF(AND(A36="",B36=""),"",IF(OR(A36="",B36=""),"Falta un municipio",IF(A36=B36,"Mismo municipio",IF(COUNTIFS($A$2:$A$60,A36,$B$2:$B$60,B36)+COUNTIFS($A$2:$A$60,B36,$B$2:$B$60,A36)>1,"DUPLICADA",IF(C36="","Falta km","OK")))))
F37: =IF(AND(A37="",B37=""),"",IF(OR(A37="",B37=""),"Falta un municipio",IF(A37=B37,"Mismo municipio",IF(COUNTIFS($A$2:$A$60,A37,$B$2:$B$60,B37)+COUNTIFS($A$2:$A$60,B37,$B$2:$B$60,A37)>1,"DUPLICADA",IF(C37="","Falta km","OK")))))
F38: =IF(AND(A38="",B38=""),"",IF(OR(A38="",B38=""),"Falta un municipio",IF(A38=B38,"Mismo municipio",IF(COUNTIFS($A$2:$A$60,A38,$B$2:$B$60,B38)+COUNTIFS($A$2:$A$60,B38,$B$2:$B$60,A38)>1,"DUPLICADA",IF(C38="","Falta km","OK")))))
... F60: =IF(AND(A60="",B60=""),"",IF(OR(A60="",B60=""),"Falta un municipio",IF(A60=B60,"Mismo municipio",IF(COUNTIFS($A$2:$A$60,A60,$B$2:$B$60,B60)+COUNTIFS($A$2:$A$60,B60,$B$2:$B$60,A60)>1,"DUPLICADA",IF(C60="","Falta km","OK")))))

Sheet Resumen
A1: Resumen de avance
A3: Control | B3: Valor | C3: Meta | D3: Estado
A4: Municipios con responsable | B4: =COUNTA(Municipios!E2:E21) -> 20 | C4: 20 | D4: =IF(B4=20,"OK","Falta") -> OK
A5: Municipios con coordenadas completas | B5: =SUMPRODUCT((Municipios!F2:F21<>"")*(Municipios!G2:G21<>"")) -> 20 | C5: 20 | D5: =IF(B5=20,"OK","Falta") -> OK
A6: Conexiones válidas registradas | B6: =COUNTIF(Conexiones!F2:F60,"OK") -> 25 | C6: Mínimo 19 para poder conectar los 20 (lo normal: 20 a 40) | D6: =IF(B6>=19,"OK","Falta") -> OK
A7: Conexiones con problema (duplicadas, sin km, etc.) | B7: =SUMPRODUCT((Conexiones!F2:F60<>"")*(Conexiones!F2:F60<>"OK")) -> 0 | C7: 0 | D7: =IF(B7=0,"OK","Revisar") -> OK
A8: Municipios sin ninguna conexión | B8: =COUNTIF(Municipios!I2:I21,0) -> 0 | C8: 0 | D8: =IF(B8=0,"OK","Revisar") -> OK
A9: Municipios con estado OK | B9: =COUNTIF(Municipios!J2:J21,"OK") -> 20 | C9: 20 | D9: =IF(B9=20,"OK","Falta") -> OK
A11: Nota: estos controles no verifican que el grafo completo esté conectado (que desde cualquier municipio se llegue a cualquier otro). Eso lo debe comprobar quien consolide los datos antes de programar.
